,Train Count,Validation Count,Test Count,Total Count,Train Percentage,Validation Percentage,Test Percentage
antelope_duiker,1741.0,370.0,363.0,2474.0,70.37186742118028,14.955537590945836,14.672594987873888
bird,1154.0,238.0,249.0,1641.0,70.32297379646558,14.503351614868981,15.173674588665447
blank,1565.0,327.0,321.0,2213.0,70.71848169905107,14.776321735201083,14.505196565747855
civet_genet,1687.0,371.0,365.0,2423.0,69.62443252166736,15.311597193561699,15.063970284770944
hog,681.0,145.0,152.0,978.0,69.6319018404908,14.826175869120656,15.541922290388548
leopard,1579.0,334.0,341.0,2254.0,70.05323868677907,14.81810115350488,15.128660159716059
monkey_prosimian,1757.0,370.0,365.0,2492.0,70.50561797752809,14.847512038523275,14.646869983948635
rodent,1405.0,304.0,304.0,2013.0,69.79632389468455,15.101838052657726,15.101838052657726
